John,Doe,john.doe@example.com,$john$567S,$john$567S
Jane,Smith,jane.smith@example.com,New@York56,New@York56
Alex,Johnson,alex.johnson@example.com,Los$Angeles2,Los$Angeles2
Emily,Brown,emily.brown@example.com,Chicago!!342,Chicago!!342
Michael,Lee,michael.lee@example.com,San$12Francisco,San$12Francisco
Sarah,Clark,sarah.clark@example.com,London$$12$,London$$12$
Anna,Garcia,anna.garcia@example.com,Madrid$$12$,Madrid$$12$
David,Martinez,david.martinez@example.com,Mexico$$12$City,Mexico$$12$City